{
  "project_info": {
    "project_number": "847847083270",
    "firebase_url": "https://soundpeeps-f9b3c.firebaseio.com",
    "project_id": "soundpeeps-f9b3c",
    "storage_bucket": "soundpeeps-f9b3c.appspot.com"
  },
  "client": [
    {
      "client_info": {
        "mobilesdk_app_id": "1:847847083270:android:5301f34e85ac3b36e4e287",
        "android_client_info": {
          "package_name": "com.example.soundpeeps"
        }
      },
      "oauth_client": [
        {
          "client_id": "847847083270-6qr3qanqgtet4qspukouohc57sutep3s.apps.googleusercontent.com",
          "client_type": 1,
          "android_info": {
            "package_name": "com.example.soundpeeps",
            "certificate_hash": "0a303c1fe56a42be7150e7e395d0336b4da53337"
          }
        },
        {
          "client_id": "847847083270-44qpuh763h42nl8cnvssjieet7e3ps8v.apps.googleusercontent.com",
          "client_type": 3
        }
      ],
      "api_key": [
        {
          "current_key": "AIzaSyCQAWYEeoAUF6Lf3d9v7U0M-Gr40jK_pUQ"
        }
      ],
      "services": {
        "appinvite_service": {
          "other_platform_oauth_client": [
            {
              "client_id": "847847083270-44qpuh763h42nl8cnvssjieet7e3ps8v.apps.googleusercontent.com",
              "client_type": 3
            }
          ]
        }
      }
    }
  ],
  "configuration_version": "1"
}